{"2I6/RIRt7MTNnmH2NQNlSg==":"gastronomia-logo.png","+yiGm6C2USSaXLThAMhlLg==":"46890432_2374511282619550_7065270555389198336_o-570x428.jpg","rrGTGeZ15vDliVOj/tt/LQ==":"background3.jpg","7tDRfAquxlG9cPuhH36ZKg==":"gastronomia%203-442x384.png","x3qCcZwLWj+u6+Zvg7n2vQ==":"gastronomia%2031-570x428.png","VSeH7eWmvfgTRoG6S8Mrsg==":"img-6735-570x428.jpg","u/Mb2IF0osw0G28hC6a0ug==":"2-570x428.jpg","+mPma+41EdnKnh8bBNBpTQ==":"4-570x428.jpg","UEsG4fWauxYf8okIzIDfIQ==":"5-570x428.jpg","UqpLcUUiIezj8JIgy/iTUg==":"6-570x380.jpg","20oK5jeTrRinWM316KqDIA==":"7-570x428.jpg","nPTWp5dP048yJIC4UbvDdA==":"6-570x428.jpg","fLsg700wj1KgBkamtCL0hQ==":"8-570x428.jpg","XCR7BF9ic7irCEWCO5ihyw==":"9-570x428.jpg","Z+Fxb59JhtdDygPvIUeYWg==":"11-570x428.jpg","GDK0QwPJufFC8GX4b0TO3g==":"13-570x428.jpg","3+flWSHu6xLSlqHUDiXt8w==":"14-570x380.jpg","kmWdENoGawpCW7fGaOsasQ==":"14-570x428.jpg","iJMgrTTCePWrfj9NZnO69Q==":"15-570x428.jpg","Iu4jtHJyc/fZkBGRNOSKRA==":"16-570x428.jpg","4NvziWV5YggeGxdTTG8Bug==":"gastronomia%20logo-128x157.png","d3fwgVnauxWDibcfpl1x8A==":"download-128x161.png","fjrrt4GVbcSoq7VLv67u6A==":"gastronomia%20italiana-124x156.png","Lr3ypVIbcvw8LwmofbOKDA==":"gastronomia%20logo-124x153.png","x1J4h2fPJz4bJyCa1ScPPg==":"65451425_2838749839529023_5927684789858467840_o-2000x1500.jpg","BHC48Sb/W8roO8MpR2svXg==":"70685739_3060258944044777_651680765121134592_o-2000x1500.jpg","QDUxIieeiaYtvbXQx5RF1A==":"adrian-cuj-69frywd5rt0-unsplash-570x712.jpg","G7c2BI8wsMQ6g6vXwOhp7w==":"adrian-cuj-69frywd5rt0-unsplash-570x712.jpeg","QzaVaOdMTawaZKq7MwGkqA==":"1-618x464.jpg","Aosm/G4dxHqeG8p2AJQb8g==":"1-570x428.jpg","bJdM4jpt3EMd+alfhvqsuw==":"img_0274-2-2000x1333.jpg","EzwpY90U/wDAN3zxHNzHmQ==":"11-960x720.jpg","SLVElkvDaI31RalmJ8yz6A==":"mobirise2020421_1943162020-4-4_22-1-50.jpg","M4QNVq01p48DOkfBw/C+wg==":"444634-pemtqb-849-2000x1125.jpg","aSq+WlRy7q957okZdXIIRQ==":"444634-pemtqb-849-2000x1125.jpeg","fC/kF6MfnmhFi9KP+kIkqA==":"444634-pemtqb-850-2000x1125.jpeg","32VxC6CENLRhOy7kUVXg6g==":"italy-flag-small-78x52.jpg","RqlwuQhgsWRooDTRYoOsHQ==":"italy-flag-medium-144x96.jpg","9vcAQQvNrY9CxiTrld3a6A==":"depositphotos_68261337-stock-illustration-vector-logo-slice-of-pizza-226x226.jpg","OsMRrNcc/OmDWb8JLkZBww==":"logo%20white-150x189.png","n/FRU/Y8KwWzTytDUs9VeQ==":"forsidebackground-2000x971.jpg","DvHhOEn4P5nBvkAYqFtwrg==":"gastronomia%20logo%20no%20background-120x148.png","k4g444Wfqvs3bs7sordyiw==":"gastronomia-forside-2000x971.jpg","PVm77Mt6p3+XG5/MigHaeg==":"test1-2000x971.png","3DtPAdFuY9cKjAYrRsY/Zw==":"forside%20story-2000x971.jpg","lXcSGEh25ZXrfYM5JX83gg==":"forside%20story%20v3-2000x971.png","8bM9KXAPFE0zKoO4H3y3Sg==":"forside%20story%20v4-2000x971.jpg","KLoiK+HlBkl9+NazT7ki3Q==":"forside%20story%20v5-2000x971.jpeg","9EHZlmf2XoyxvQmXBWuhyA==":"artboard%201.svg","Yv5TSN8JQkx7ZaTKB0QMSg==":"gastronomia%20italiana%20logo.svg","EmPmgIHh9wg/SGi1rDErcQ==":"gastronomia%20italiana%20logo-164x205.png","D52CkRgxKBjyOPusV0mxRg==":"gastronomia%20logo%202-142x94.png","Qtc2Ow4NsAg3XtUatMXkbg==":"logo%202.svg","SqFXiak4kIZ5Jis3ssdM8w==":"artboard%201.svg","Z5ILpdPRcydqB1ii4KdZRw==":"skovlunde-960x720.jpg","WaTYWWxoPJOHtx0HrBF3SQ==":"46890432_2374511282619550_7065270555389198336_o-2000x1500.jpg","OLGYYU0NKurLDZQNThM2pQ==":"55505697_2614895025247840_8796670764028788736_o-1258x2048.jpg","IpN0w5FUX26MqePAXHUecg==":"55505697_2614895025247840_8796670764028788736_o-1258x2048.jpeg","fQmwtPHz08abzj7BuNxXaw==":"46890432_2374511282619550_7065270555389198336_o-2000x1500.jpeg","2PbZQ+oztUyIssFsqpJW5Q==":"img-6853-2000x1333.jpg","XgO5pWH251K1OjyVwe0qhw==":"logo%203.svg","bIHIJ9ujObAAC5xND/W9+A==":"logo%204.svg","2h+SKSFXnxQsPCKPwOiXwA==":"gastronomia%20logo%205-280x271.png","fZYaIIAbiigZVp8AllHAQA==":"gastronomia%20logo%205-160x155.png","8+Z5Ymp3XlmGOEs9BSFaGQ==":"tom-podmore-nhgl1pgvtkw-unsplash-2000x1333.jpg","Fax47sue4BvUjsySwnCsIA==":"img-6853-1000x667.jpg","Ws/CtJJgHx381zh1A/6dqA==":"gastronomia%20logo%205-1000x968.png","ORWwYAKz++itReoZ4U7gIg==":"yoal-desurmont-ddawgj7egda-unsplash-1600x1066.jpg","Fapg0A+svvdAj/jiNqW6zg==":"gastronomia%20logo%205-176x170.png","liuNv4EF9H7+Xn6F9dj0Zg==":"14853228_1249812655089424_7882071101747191462_o-1206x1608.jpg","jQFGidtOT133kgM4VVtOrQ==":"img-6738-1206x804.jpg","Qi10lGtUFGcaqVOfNA2NzQ==":"01.jpg","rjumtbGonRhP8Qay249cQA==":"vika-aleksandrova-0dijiynobx4-unsplash-1206x1807.jpg","gG3bZixIvZ2447PIx1hxZQ==":"vika-aleksandrova-0dijiynobx4-unsplash-2-1206x1608.jpg","0XPmYyIdK3u1NdvtOLgnhg==":"joel-jasmin-forestbird-txi0fsyflu0-unsplash-1206x1809.jpg","GiCfnlBKubuRjhRu16IwSg==":"vika-aleksandrova-0dijiynobx4-unsplash-2-1206x1608.jpeg","tYoI/Kqu0LZQegr5n2wkqg==":"salar%20136-1206x807.jpg","p+wEmpej3BgnOs98NmAZcw==":"gastronomia%20logo%202-2-256x170.png","IN8CuJxRVGhwvIm9aopNuA==":"img-490-2000x1333.jpg","6dQcl5VpSC1doUOBSiBPQw==":"img-854-2000x1333.jpg","XzPv2Z5Ljin9vcvr1y6/+Q==":"unavngivet-3-325x155.png","zSgMIyRQeskFylnFJG4amA==":"unavngivet-4-325x155.png","icRssced62LApkDrPF3JmA==":"unavngivet-5-325x155.png","cIhuZoooddwikbS58B6vVA==":"danishtakeawaywards-248x139.png","x7aDrfjVyydfm6x1oxzPyA==":"kommentar-400x403.jpg","RCoMmxN75rouqPwlsuNEPg==":"fbkommentar-160x160.jpg","vmStvTeEfX2KafKLkeVqlg==":"dejlig%20mad-400x399.jpg","EK311VQNtJhjHnpzvXbDPA==":"62254970_692919371162567_3727340428136022016_o-720x960.jpg","rrN/onsXPg3cTe9lulDimw==":"salar%20125-2000x1339.jpg","y3Q72n7lk0ut8dyGzDWoRw==":"salar%20113-2000x1500.jpg","EfCr56kuEFNlJwREjAdnmQ==":"salar%20113-2000x1500.jpeg","TH4MQeo2eOEZ1M3pGfZAIw==":"salar%20113-2000x1500.jpeg","NipF94P2ZvkDsYEdQJtz0g==":"salar%20051-2000x1500.jpg","wLWc8YrNRjdq/ZU6/dgwCQ==":"salar%20051-2000x1500.jpeg","lDSxOV6uRjOYuFznxxktFQ==":"salar%20051-2000x1500.jpeg","KvlF2d27OcAQQl/KgJxE+Q==":"damiano-baschiera-hfxz5cnfkok-unsplash-2000x3033.jpg","kjeozIzCoWA38GkViR3Msw==":"damiano-baschiera-hfxz5cnfkok-unsplash-2000x3033.jpeg","caJ/RPQ2VGJVFPGQoPnygg==":"damiano-baschiera-hfxz5cnfkok-unsplash-1-2000x3033.jpeg","AOxAw00JM2df4gXadaEtnQ==":"chad-montano-mqt0asuoicu-unsplash-2000x2417.jpg","eiMuU9pXgXi2HIGCb5fOwg==":"chad-montano-mqt0asuoicu-unsplash-2000x2417.jpeg","4D4+pLxAf70JlQ5BfpTh8A==":"braden-collum-75xhjzeieuc-unsplash-2000x1333.jpg","gFIP2TupLM8Rhx/5ewm4yw==":"img-2382-1206x905.jpg","pC1Q86VHH60lJwvRmdA2tQ==":"img-2383-574x431.jpg","/vNXXm/bWsDzIgGW+nFFmQ==":"salar%20145-574x384.jpg","3ch+TurCx17LcmuPBJO/VQ==":"salar%20089-574x857.jpg","I+0FzoN++qj/QapwsknAWg==":"img-846-1206x804.jpg"}